{"cameraMode":{"drawMode":0,"name":"Shaded","section":"Shading Mode"},"sceneLighting":true,"audioPlay":false,"sceneViewState":{"m_AlwaysRefresh":false,"showFog":true,"showSkybox":true,"showFlares":true,"showImageEffects":true,"showParticleSystems":true,"showVisualEffectGraphs":true,"m_FxEnabled":true},"in2DMode":false,"pivot":{"x":-13.825119018554688,"y":9.831892013549805,"z":-4.358030319213867},"rotation":{"x":-0.6180981993675232,"y":0.044694509357213977,"z":-0.035547081381082538,"w":-0.7842166423797607},"size":0.6249105334281921,"orthographic":false}