{"cameraMode":{"drawMode":0,"name":"Shaded","section":"Shading Mode"},"sceneLighting":true,"audioPlay":false,"sceneViewState":{"m_AlwaysRefresh":false,"showFog":true,"showSkybox":true,"showFlares":true,"showImageEffects":true,"showParticleSystems":true,"showVisualEffectGraphs":true,"m_FxEnabled":true},"in2DMode":false,"pivot":{"x":70.60212707519531,"y":23.037063598632814,"z":68.46409606933594},"rotation":{"x":0.0011771285207942129,"y":0.9980202913284302,"z":0.05995245650410652,"w":-0.019464215263724328},"size":3.8473165035247804,"orthographic":false}